length_unit,Pearson_r,Pearson_p,Spearman_rho,Spearman_p
words,0.04079204588950245,0.4749489478658473,-0.07589659532899698,0.18330311600388235
