n_runs,F1_mean,F1_CI95_lower,F1_CI95_upper,F1_std
10,0.7438120188425066,0.6776842467779969,0.8004211284965858,0.10478762555139315
