n_runs,F1_mean,F1_CI95_lower,F1_CI95_upper,F1_std
10,0.8845521806571546,0.8668260600440155,0.9032544234163317,0.03192435853106065
