n_runs,F1_mean,F1_CI95_lower,F1_CI95_upper,F1_std
10,0.8554571743472039,0.8213437692712613,0.8895235867663019,0.0580496269891458
