sum_sq,df,F,PR(>F)
0.03576444578388726,2.0,4.830219673318729,0.01609690326327581
0.09995819046274222,27.0,,
