length_unit,Pearson_r,Pearson_p,Spearman_rho,Spearman_p
chars,0.0396859788705326,0.48701620763320785,-0.07926410120162955,0.1645664017650712
