n_runs,F1_mean,F1_CI95_lower,F1_CI95_upper,F1_std
10,0.7438120188425066,0.6773613593613592,0.800428631979699,0.10478762555139315
