length_unit,Pearson_r,Pearson_p,Spearman_rho,Spearman_p
words,0.02835854020443632,0.6189164483392972,-0.03302353979518364,0.5624214699689698
