n_runs,F1_mean,F1_CI95_lower,F1_CI95_upper,F1_std
10,0.8130403785956458,0.761827407442353,0.8470527501053579,0.07680814687137663
