Accuracy,Precision,Recall,F1 Score
0.8064516129032258,0.95,0.7916666666666666,0.8636363636363636
