Accuracy,Precision,Recall,F1 Score
0.6774193548387096,1.0,0.5652173913043478,0.7222222222222222
