length_unit,Pearson_r,Pearson_p,Spearman_rho,Spearman_p
words,-0.04388417718880986,0.4413531085146338,-0.09166392372933833,0.10722704636728092
