n_runs,F1_mean,F1_CI95_lower,F1_CI95_upper,F1_std
10,0.8976150012777919,0.8731625469169074,0.9232792344928973,0.042862745917374795
